Data,Canal,Investimento,Impressoes,Cliques,Leads,Conversoes,Receita
2026-08-06,Instagram,"606,42",35672,473,27,4,"1454,70"
2026-08-06,Google,"501,18",19276,283,16,3,"1204,62"
2026-08-06,TikTok,"241,72",21975,280,11,1,"363,51"
2026-08-07,Instagram,"586,13",34478,398,27,4,"1469,68"
2026-08-07,Google,"386,40",14861,253,16,2,"814,14"
2026-08-07,TikTok,"201,82",18347,264,12,1,"367,60"
2026-08-08,Instagram,"495,69",29158,334,19,3,"1152,45"
2026-08-08,Google,"359,08",13811,209,13,2,"790,16"
2026-08-08,TikTok,"171,55",15595,214,10,1,"350,48"
2026-08-09,Instagram,"493,72",29043,344,22,3,"1191,81"
2026-08-09,Google,"400,35",15398,218,13,2,"815,00"
2026-08-09,TikTok,"169,30",15391,210,10,1,"401,72"
2026-08-10,Instagram,"684,03",40237,527,32,5,"1990,66"
2026-08-10,Google,"486,06",18695,285,16,3,"1050,87"
2026-08-10,TikTok,"222,88",20262,273,12,1,"379,61"
2026-08-11,Instagram,"699,80",41164,521,32,5,"1997,24"
2026-08-11,Google,"519,37",19976,300,16,3,"1075,38"
2026-08-11,TikTok,"260,92",23720,345,15,1,"408,74"
2026-08-12,Instagram,"683,31",40195,476,32,4,"1404,00"
2026-08-12,Google,"518,35",19937,339,17,2,"743,33"
2026-08-12,TikTok,"262,81",23891,348,14,1,"379,90"
2026-08-13,Instagram,"700,41",41201,479,30,4,"1413,78"
2026-08-13,Google,"548,89",21111,348,19,3,"1120,41"
2026-08-13,TikTok,"239,50",21773,275,11,1,"385,76"
2026-08-14,Instagram,"640,30",37665,490,31,4,"1484,09"
2026-08-14,Google,"459,84",17686,300,15,2,"783,09"
2026-08-14,TikTok,"250,94",22813,290,13,1,"377,59"
2026-08-15,Instagram,"506,61",29800,351,22,3,"1077,90"
2026-08-15,Google,"406,47",15633,264,15,2,"794,49"
2026-08-15,TikTok,"175,02",15911,209,9,1,"397,38"
2026-08-16,Instagram,"585,12",34419,408,25,3,"1063,89"
2026-08-16,Google,"433,58",16676,254,16,2,"724,77"
2026-08-16,TikTok,"195,79",17799,261,11,1,"409,85"
2026-08-17,Instagram,"691,54",40679,514,30,4,"1609,87"
2026-08-17,Google,"511,94",19690,333,21,3,"1175,53"
2026-08-17,TikTok,"253,03",23002,341,14,2,"816,30"
2026-08-18,Instagram,"722,07",42475,575,38,5,"1765,47"
2026-08-18,Google,"543,80",20915,344,18,3,"1146,89"
2026-08-18,TikTok,"298,51",27137,356,14,1,"368,16"
2026-08-19,Instagram,"731,72",43042,591,37,6,"2408,13"
2026-08-19,Google,"539,15",20736,350,20,3,"1119,13"
2026-08-19,TikTok,"294,74",26795,338,14,1,"382,07"
2026-08-20,Instagram,"783,22",46072,577,33,4,"1637,75"
2026-08-20,Google,"545,15",20967,314,20,3,"1148,06"
2026-08-20,TikTok,"275,21",25020,366,17,1,"380,49"
2026-08-21,Instagram,"749,52",44089,576,38,5,"1985,93"
2026-08-21,Google,"498,40",19169,306,20,2,"720,21"
2026-08-21,TikTok,"248,92",22629,327,15,1,"370,55"
2026-08-22,Instagram,"525,75",30926,411,23,4,"1453,82"
2026-08-22,Google,"441,00",16962,257,14,2,"702,84"
2026-08-22,TikTok,"210,87",19170,283,12,1,"373,43"
2026-08-23,Instagram,"651,02",38296,506,30,3,"1182,29"
2026-08-23,Google,"408,96",15729,241,15,2,"734,48"
2026-08-23,TikTok,"232,33",21121,296,12,1,"409,27"
2026-08-24,Instagram,"746,89",43935,529,36,5,"1802,31"
2026-08-24,Google,"539,19",20738,334,20,3,"1061,14"
2026-08-24,TikTok,"250,27",22752,305,14,1,"352,04"
2026-08-25,Instagram,"895,13",52655,606,34,4,"1417,24"
2026-08-25,Google,"600,16",23083,371,21,3,"1108,66"
2026-08-25,TikTok,"282,78",25707,313,13,1,"393,77"
2026-08-26,Instagram,"842,57",49563,623,36,6,"2378,05"
2026-08-26,Google,"551,74",21221,344,22,3,"1103,03"
2026-08-26,TikTok,"277,95",25269,340,15,1,"396,39"
2026-08-27,Instagram,"828,46",48733,643,42,6,"2159,45"
2026-08-27,Google,"556,44",21402,348,18,3,"1176,61"
2026-08-27,TikTok,"319,63",29057,380,18,2,"775,98"
2026-08-28,Instagram,"674,69",39688,534,34,5,"1946,68"
2026-08-28,Google,"592,92",22805,329,18,3,"1181,43"
2026-08-28,TikTok,"269,90",24536,344,17,1,"399,83"
2026-08-29,Instagram,"566,95",33350,397,25,4,"1426,09"
2026-08-29,Google,"494,28",19011,304,17,2,"757,58"
2026-08-29,TikTok,"232,58",21143,294,14,1,"355,89"
2026-08-30,Instagram,"639,98",37646,494,32,5,"1757,67"
2026-08-30,Google,"470,17",18083,284,16,2,"766,68"
2026-08-30,TikTok,"252,09",22918,309,14,1,"370,56"
2026-08-31,Instagram,"844,70",49688,616,35,5,"2012,98"
2026-08-31,Google,"644,63",24793,401,25,3,"1090,94"
2026-08-31,TikTok,"268,55",24413,323,13,1,"371,76"
2026-09-01,Instagram,"862,46",50733,632,40,6,"2327,43"
2026-09-01,Google,"648,95",24960,350,23,3,"1135,09"
2026-09-01,TikTok,"289,81",26347,362,18,2,"753,92"
2026-09-02,Instagram,"950,30",55900,713,48,8,"2848,51"
2026-09-02,Google,"592,07",22772,344,20,3,"1180,69"
2026-09-02,TikTok,"307,58",27962,407,18,1,"379,25"
2026-09-03,Instagram,"920,79",54164,639,37,5,"1769,20"
2026-09-03,Google,"619,05",23809,398,22,3,"1171,99"
2026-09-03,TikTok,"293,74",26704,387,18,2,"770,22"
2026-09-04,Instagram,"766,70",45100,576,39,6,"2167,00"
2026-09-04,Google,"585,60",22523,328,17,3,"1172,66"
2026-09-04,TikTok,"269,28",24480,308,14,1,"364,02"
2026-09-05,Instagram,"667,65",39274,521,30,4,"1458,27"
2026-09-05,Google,"456,78",17569,288,18,3,"1168,81"
2026-09-05,TikTok,"252,54",22958,283,14,1,"364,25"
2026-09-06,Instagram,"719,96",42351,554,31,5,"1845,46"
2026-09-06,Google,"512,66",19718,297,19,3,"1153,55"
2026-09-06,TikTok,"248,51",22592,283,13,1,"407,13"
2026-09-07,Instagram,"860,91",50641,679,44,5,"1907,68"
2026-09-07,Google,"613,52",23597,388,21,3,"1177,29"
2026-09-07,TikTok,"348,56",31687,409,19,2,"803,84"
2026-09-08,Instagram,"1020,98",60058,770,42,6,"2132,81"
2026-09-08,Google,"755,08",29042,453,25,3,"1050,95"
2026-09-08,TikTok,"336,04",30549,380,19,2,"819,50"
2026-09-09,Instagram,"896,19",52717,714,47,7,"2483,25"
2026-09-09,Google,"696,14",26774,404,22,3,"1230,13"
2026-09-09,TikTok,"335,34",30485,420,18,2,"786,19"
2026-09-10,Instagram,"899,97",52939,679,42,7,"2870,09"
2026-09-10,Google,"737,33",28359,454,27,4,"1621,69"
2026-09-10,TikTok,"364,66",33150,476,22,2,"740,39"
2026-09-11,Instagram,"773,64",45508,553,31,4,"1553,46"
2026-09-11,Google,"649,41",24977,357,23,4,"1487,49"
2026-09-11,TikTok,"312,63",28421,414,18,1,"398,16"
2026-09-12,Instagram,"657,08",38652,453,28,5,"1822,68"
2026-09-12,Google,"521,02",20039,299,15,3,"1194,19"
2026-09-12,TikTok,"248,81",22619,298,14,1,"352,97"
2026-09-13,Instagram,"744,63",43802,560,36,5,"1947,09"
2026-09-13,Google,"597,30",22973,361,22,4,"1457,46"
2026-09-13,TikTok,"291,76",26524,365,17,2,"704,41"
2026-09-14,Instagram,"1010,54",59444,807,48,6,"2288,87"
2026-09-14,Google,"752,93",28959,440,25,4,"1424,78"
2026-09-14,TikTok,"311,32",28302,400,18,2,"781,69"
2026-09-15,Instagram,"1036,91",60995,807,50,7,"2490,53"
2026-09-15,Google,"757,41",29131,425,26,4,"1606,27"
2026-09-15,TikTok,"357,84",32531,425,19,1,"363,67"
2026-09-16,Instagram,"1030,08",60593,813,52,7,"2789,75"
2026-09-16,Google,"714,55",27483,399,24,4,"1536,02"
2026-09-16,TikTok,"344,50",31318,428,18,1,"357,45"
2026-09-17,Instagram,"1087,20",63953,876,51,8,"2888,16"
2026-09-17,Google,"688,56",26483,422,27,4,"1412,21"
2026-09-17,TikTok,"373,27",33934,457,19,1,"396,42"
2026-09-18,Instagram,"894,59",52623,711,43,6,"2364,42"
2026-09-18,Google,"734,21",28239,451,24,4,"1480,33"
2026-09-18,TikTok,"322,91",29356,387,18,2,"733,86"
2026-09-19,Instagram,"827,23",48661,604,39,5,"1980,63"
2026-09-19,Google,"510,40",19631,287,15,2,"754,80"
2026-09-19,TikTok,"261,85",23804,325,15,1,"387,69"
2026-09-20,Instagram,"742,04",43649,519,33,4,"1633,26"
2026-09-20,Google,"655,32",25205,363,23,3,"1201,90"
2026-09-20,TikTok,"275,08",25007,361,15,1,"384,54"
2026-09-21,Instagram,"1010,52",59443,726,48,6,"2226,99"
2026-09-21,Google,"768,68",29564,469,30,5,"1944,89"
2026-09-21,TikTok,"385,30",35027,465,23,2,"734,32"
2026-09-22,Instagram,"1151,46",67733,777,46,7,"2543,29"
2026-09-22,Google,"807,77",31068,501,30,4,"1551,01"
2026-09-22,TikTok,"375,18",34107,421,19,2,"718,12"
2026-09-23,Instagram,"1061,10",62418,740,42,6,"2241,61"
2026-09-23,Google,"733,77",28222,423,25,4,"1595,20"
2026-09-23,TikTok,"416,54",37867,462,21,2,"710,29"
2026-09-24,Instagram,"1050,13",61772,843,58,8,"2948,96"
2026-09-24,Google,"824,77",31722,519,31,4,"1594,36"
2026-09-24,TikTok,"375,59",34145,501,23,2,"727,81"
2026-09-25,Instagram,"941,67",55392,666,45,6,"2377,44"
2026-09-25,Google,"702,62",27024,381,20,4,"1447,29"
2026-09-25,TikTok,"325,34",29576,374,17,1,"397,12"
2026-09-26,Instagram,"783,62",46095,588,40,5,"1806,92"
2026-09-26,Google,"594,31",22858,371,23,4,"1414,66"
2026-09-26,TikTok,"296,40",26946,392,19,2,"726,07"
2026-09-27,Instagram,"775,08",45593,612,39,7,"2447,27"
2026-09-27,Google,"607,94",23382,396,20,3,"1199,23"
2026-09-27,TikTok,"312,63",28421,376,18,2,"737,73"
2026-09-28,Instagram,"1113,39",65494,751,49,8,"3026,06"
2026-09-28,Google,"701,17",26968,408,24,3,"1209,48"
2026-09-28,TikTok,"352,16",32015,422,19,2,"751,87"
2026-09-29,Instagram,"1101,11",64771,841,57,8,"2976,45"
2026-09-29,Google,"820,34",31552,464,28,5,"1811,80"
2026-09-29,TikTok,"407,14",37012,486,22,2,"775,58"
2026-09-30,Instagram,"1030,93",60643,758,47,6,"2148,25"
2026-09-30,Google,"892,45",34325,523,31,4,"1429,65"
2026-09-30,TikTok,"380,11",34556,476,20,2,"749,52"
2026-10-01,Instagram,"1199,99",70588,814,47,7,"2637,54"
2026-10-01,Google,"804,71",30951,522,28,4,"1544,57"
2026-10-01,TikTok,"386,15",35104,494,22,2,"707,70"
2026-10-02,Instagram,"960,25",56485,703,42,6,"2354,40"
2026-10-02,Google,"807,16",31044,508,33,5,"1941,55"
2026-10-02,TikTok,"385,43",35039,431,18,2,"724,57"
2026-10-03,Instagram,"801,72",47160,614,38,6,"2127,17"
2026-10-03,Google,"676,29",26011,367,23,3,"1076,02"
2026-10-03,TikTok,"297,30",27027,342,17,1,"380,56"
2026-10-04,Instagram,"819,45",48203,640,36,5,"1862,71"
2026-10-04,Google,"707,80",27223,391,21,3,"1085,58"
2026-10-04,TikTok,"360,01",32728,404,17,1,"393,15"
